url,user,caption,hashtags
https://www.instagram.com/p/DGPppcez36W/,thejoeun.official,"📢 2월 부동산 HOT ISSUE 정리.zip 부동산 시장이 요동치는 4가지 이유, 꼭 확인하세요. 1. 서울 용도비율 완화, 개발 활성화 서울시가 상업지역 내 주거 비율을 높이면서 개발 속도가 빨라지고, 신규 주택 공급도 늘어날 전망입니다. 2. 주택담보대출 수수료 인하 은행권이 주택담보대출 수수료를 인하하면서, 주택 구매 부담이 줄어들 전망입니다. 실수요자와 투자자 모두에게 긍정적인 변화입니다. 3. 트럼프 관세 부과, 건축비 상승 우려 미국의 중국산 철강·알루미늄 관세 부과로 국내 건설 자재비 인상이 예상됩니다. 이에 따라 분양가 상승 가능성도 주목할 필요가 있습니다. 4. 창릉신도시 청약 시작 수도권 최대 신도시 중 하나인 창릉지구에서 첫 청약이 시작됩니다. GTX 등 교통 호재로 많은 관심이 집중되고 있습니다. 이번 변화들이 부동산 시장에 어떤 영향을 미칠지, 여러분의 생각은 어떠신가요?🤔",[]
https://www.instagram.com/p/DEo6aFyRRM2/,hackersland_official,지금 받으면 배송비 무료!! 왕초보 맞춤 입문서+강의 @해커스공인중개사 프로필링크에서 무료로 받아보세요 노베이스도 단기합격 가능👌 #공인중개사 #해커스공인중개사 #해커스 #공인중개사인강 #공인중개사시험 #공인중개사공부 #공인중개사합격 #공인중개사준비 #중개사 #부동산 #부동산스타그램 #공인중개사그램 #꿀팁 #이벤트 #공인중개사교재,"['#공인중개사', '#해커스공인중개사', '#해커스', '#공인중개사인강', '#공인중개사시험', '#공인중개사공부', '#공인중개사합격', '#공인중개사준비', '#중개사', '#부동산', '#부동산스타그램', '#공인중개사그램', '#꿀팁', '#이벤트', '#공인중개사교재']"
https://www.instagram.com/p/DEw655kTHw0/,richworld_buse,"안녕하세요, 부자되는세상입니다~^^ 늦었지만 다들 새해 복 많이 받으시고 좋은 일 가득하시길 바랍니다😊 감사하게도 작년 6월에 이어 현대백화점 목동점에서 신년 부동산 특강 진행하게 되었습니다. 일요일 오전 황금 시간 대라 가족, 친구, 지인과 같이 오셔도 좋습니다. 특강 듣고 점심 식사 하면서 알찬 하루를 보낼 수 있는 좋은 시간입니다. ✅ 현대백화점 목동점 부동산 특강 📌 일 시 : 2024.1.19(일) 11:00-13:00 📌 장 소 : 지하 1층 1강의실 📌 특강 주제 : 30살에 30억 자산가가 알려주는 2025년 부동산 투자 전략 📌 강의 목차 - 2025년 상반기 부동산 동향 분석 - 부자되는세상의 투자 장바구니 소개 - 2025년 상반기에 주목해야 할 투자 - 소액 투자 최신 성공 사례 👇강의 신청 링크 ​https://url.kr/zxgt1x 빠르게 변하는 부동산 시장에 맞춰 매번 특강 내용을 계속 업데이트 하고 있습니다. 이번에는 신년 특강인 만큼 최신 커리큘럼으로 진행할 예정입니다. 백화점 강의는 쾌적한 장소에서 저렴한 강연료로 고수의 투자 인사이트를 얻어갈 수 있는 시간입니다. 재테크에 관심 있는 지인에게 추천하셔도 좋고 같이 오시면 더더욱 좋습니다. 특히 수도권에서 진행하는 특강은 조기 마감 되는 경우가 많습니다. 질의 응답 시간도 충분히 드리고 있으니 많은 관심과 빠른 신청 바랍니다. 신규 분들은 물론 예전에 제 강의 들으셨던 분들 중에서도 오랜만에 초심 다질 겸 좋은 자극 받고 싶은 분들도 신청 환영합니다. 감사합니다🥰",[]
https://www.instagram.com/p/C9XST9JP1JM/,dangbussam,제 부동산 대전망 강의를 들으러오셨던 45만 유튜버 @lukas_yoon 님의 차갑고 냉철한 수강 후기 이 레전드 강의 무료수강 하는 방법 제 인스타 프로필 링크에서 당부 멤버십에 가입하시면 무료로 다시보기 가능! #차가운자본주의 #부동산대전망 #부동산강의 #윤루카스,"['#차가운자본주의', '#부동산대전망', '#부동산강의', '#윤루카스']"
https://www.instagram.com/p/DFG8M-ryhei/,last_idyllic_place,"ad 가평,청평 토지매매 전문 부동산 [대박공인중개사사무소] -귀농귀촌 상담환영! -가평, 청평 지역 30년 대를 잇는 30년 이상의 경력 부동산! -토지매매,전원주택,택지분양 전문 부동산 -가평 토지 퀸! 새출발하는 신수연소장님! -설악 ic교차로 우측에 자리! 충분한 주차자리! -드론으로 볼 수 있는 자료까지 꼼꼼하게 준비해주시는 상담! 매물천재 대박공인중개사 사무소 신수연소장님을 찾으세요! 문의: 031-584-0424 주소: 경기 가평군 설악면 신천중앙로 22 5호 (설악IC 나와 우측편에 위치하고 있습니다.) #가평부동산 #가평공인중개사 #가평군부동산 #가평군공인중개사 #가평읍부동산 #가평읍공인중개사 #청평부동산 #청평공인중개사 #설악면부동산 #설악면공인중개사 #가평토지매매 #가평토지부동산 #청평토지매매 #청평토지부동산 #가평택지분양 #가평전원주택 #가평땅매매 #청평땅매매 #가평부동산추천 #청평부동산추천","['#가평부동산', '#가평공인중개사', '#가평군부동산', '#가평군공인중개사', '#가평읍부동산', '#가평읍공인중개사', '#청평부동산', '#청평공인중개사', '#설악면부동산', '#설악면공인중개사', '#가평토지매매', '#가평토지부동산', '#청평토지매매', '#청평토지부동산', '#가평택지분양', '#가평전원주택', '#가평땅매매', '#청평땅매매', '#가평부동산추천', '#청평부동산추천']"
https://www.instagram.com/p/DHiDk55x2m-/,e0h96e4upq,#수익 #재테크 #주식스타그램 #먹스타그램 #공스타그램 #트스타그램 #일상스타그램 #여스타그램 #셀스타그램 #럽스타그램 #친스타그램 #주식 #인친 #애스타그램 #목요일 #돈스타그램 #돈 #직장인 #주식투자 #여행스타그램 #용인 #스타그램 #재테크그램 #분당 #알트코인 #stock #비트코인 #부동산 #공인중개사 #주식하는남자,"['#수익', '#재테크', '#주식스타그램', '#먹스타그램', '#공스타그램', '#트스타그램', '#일상스타그램', '#여스타그램', '#셀스타그램', '#럽스타그램', '#친스타그램', '#주식', '#인친', '#애스타그램', '#목요일', '#돈스타그램', '#돈', '#직장인', '#주식투자', '#여행스타그램', '#용인', '#스타그램', '#재테크그램', '#분당', '#알트코인', '#stock', '#비트코인', '#부동산', '#공인중개사', '#주식하는남자']"
https://www.instagram.com/p/DF8xUfrB2Q9/,findroad_asset,"트럼프 관세 대응 vs 요즘 대세 로봇 투자포인트 1️⃣ 관세 피해, 고민 되는 섹터보단 수혜 섹터 2️⃣ 휴머노이드가 대세 3️⃣ 대기업 움직임 체크 👉 사진 확대해서 보면 대기업 로봇 관련주 보임 #강사 #강의 #주식 #투자 #부동산 #세금 #재테크 #자산관리","['#강사', '#강의', '#주식', '#투자', '#부동산', '#세금', '#재테크', '#자산관리']"
https://www.instagram.com/p/DHCrlnjznDC/,miuga_designstudio,". 사람은 평생동안 몇 번의 인테리어를 하게 될까? 많아야 2~3번이 아닐까 생각한다. 우리를 찾아오는 클라이언트는 우리에게 처음 또는 마지막 인테리어를 맡긴 걸 수도 있다. 인테리어를 하는 단계에서는 이미 많은 비용이 발생한다. 부동산 매매, 가구 구입, 가전 구입 등.. 알지만 그렇다고 무작정 저렴하게 해주겠다고는 못한다. 다만 내 돈처럼 소중하게 생각해서 비용을 집행하고 내 공간처럼 생각해서 디자인하고 시공하겠다고 약속할 수 있다. 인테리어가 우리의 단순한 경제 활동이 되지 않았으면 한다. 우리가 클라이언트의 동반자가 되어주진 못해도 우리가 만든 공간이 클라이언트의 동반자가 되어주길 바란다. 𝙈𝙄𝙐𝙂𝘼 𝘿𝙀𝙎𝙄𝙂𝙉 𝙎𝙏𝙐𝘿𝙄𝙊 #미우가디자인스튜디오",['#미우가디자인스튜디오']
https://www.instagram.com/p/C6Lbv8LBNJU/,hackersland_official,#부동산 광고 절망편😭 모든 집들이 이런건 아니지만 자취방 구하는 초보자취생들 이런 낚시성 멘트 조심하자✔ 🏠전세사기 예방 무료특강🏠 전세사기 전국 확산‼ 누구나 피해자가 될 수 있는 요즘 #차민혁 교수님의 [전세사기 예방] 온라인 특강 무료로 듣고 예방하자 👉 @hackersland_official 프로필링크 클릭! #공인중개사 #해커스공인중개사 #해커스 #공인중개사인강 #공인중개사시험 #공인중개사공부 #공인중개사합격 #공인중개사준비 #중개사 #부동산 #부동산스타그램 #공인중개사그램 #꿀팁 #자취생 #자취꿀팁 #자취스타그램 #생활꿀팁 #사회초년생 #원룸 #유머,"['#부동산', '#차민혁', '#공인중개사', '#해커스공인중개사', '#해커스', '#공인중개사인강', '#공인중개사시험', '#공인중개사공부', '#공인중개사합격', '#공인중개사준비', '#중개사', '#부동산', '#부동산스타그램', '#공인중개사그램', '#꿀팁', '#자취생', '#자취꿀팁', '#자취스타그램', '#생활꿀팁', '#사회초년생', '#원룸', '#유머']"
https://www.instagram.com/p/C-SXDJ_STB8/,sylvia_silvy,"#협찬 #돈버는부동산임대차계약의모든것 #두드림미디어 #임대차TV #임대차대항력 #임대인의권리 #임차인의권리 #주택임대차보호법 #요홍쓸 “부동산 임대차의 바이블”🌟🌟🌟 이 책 한 권으로 평생 임대차 걱정은 끝! 모든 상가·주택 임대인, 임차인들의 필독서📚 임대차법을 재미있게 한 방에 해결하는 맞춤 솔루션! 평생 임대차 관련 문제에 대응할 수 있도록 모든 노하우를 담은 이 책을 주거권과 소중한 재산을 지키는 데 활용해보자😀","['#협찬', '#돈버는부동산임대차계약의모든것', '#두드림미디어', '#임대차TV', '#임대차대항력', '#임대인의권리', '#임차인의권리', '#주택임대차보호법', '#요홍쓸']"
https://www.instagram.com/p/C_hrkaEP5hU/,lbajeonjurealestate,"- ☑ 웃으면서 보는 부동산 투자 명언 LBA전주부동산이 알려드리는 투자 명언입니다. 부동산 투자는 신중 하게 모두 다 이익 보시길 바랍니다❕❕ —LBA 전주 부동산 🌟 전주 부동산의 신뢰된 이름, LBA전주부동산 🗝 전주 부동산의 열쇠, LBA에서 찾다 · 분양 · 매매 · 부동산 · ⠀ ♦주소 전라북도 전주시 완산구 홍산남로 47 302호 ♦문의 ᴘ.ʜ 010-2898-4989 . . #LBA전주부동산 #전주부동산 #분양 #매매 #부동산 #수익형부동산 #부동산투자 #투자기회 #주인직영건물 #부동산 #부동산상식 #부동산투자 #부동산투자명언","['#LBA전주부동산', '#전주부동산', '#분양', '#매매', '#부동산', '#수익형부동산', '#부동산투자', '#투자기회', '#주인직영건물', '#부동산', '#부동산상식', '#부동산투자', '#부동산투자명언']"
https://www.instagram.com/p/DEmpYCMTj5M/,naddangs,어제 성시경 닯은 영끌남님을 만났어요. 건물투자 강의가 핫하잖아요. 제가 4번쨰책 마무리 작업 중입니다. 영흥도 펜션으로 수익낸 이야기를 제 책에  한꼭지 담고싶어서 인터뷰 부탁드렸는데 흔쾌히 ㅇㅋ 해주셨습니다. 인터컨티넨탈 호텔 파르나스 카페 에서 만나서 이야기를 들었어요. 원래 제조업으로 시작해서 부동산을 매입하고 수익을 다시 부동산/ 주식 투자사품으로 계속 넣는 구조라 숨만쉬어도 부자가 되는 시스템을 이미 구축하셨더라구요. 소유자가 18억에 사서 운영하던 있는 영흥도 펜션을 급한 사정으로 처분하려고 할 때 11억에 매수해서 10억대출 1억 본인자금으로 매수하고 블로그 상위노출 플레이스등록등으로 운영을 정상화한 다음 월매출 2~3000만원대 였는데 8000~9000만원까지 5개월동안 끌어올렸다고해요. 비범한 사람은 비범한 노력으로 문제를 해결하고 수익도 비범하게 내는 것 같습니다. 한참 어린 동생이지지만 많이 배웠어요. 빌딩온 세미나에도 초대해주셔서 현재 거래가능한 매물 탑10 브리핑듣고 왔습니다. 올해 저는 영끌남님 도움으로 건물을 살것같아요. #건물,['#건물']
https://www.instagram.com/p/DA2HpMbJFJo/,raemian_official,"대출 금리가 부동산 시장에 미치는 영향이 정말 큽니다. 일례로 22년 이후 대출금리가 급격히 오르며 서민들의 경제적 부담이 커진 상황만 봐도 그렇지요! 그럼 여기서 생기는 알쏭달쏭한 궁금증! 우리는 언제쯤 집을 사는것이 유리할까?! 🤔 오늘은 금리에 대해 간단히 살펴보고 내 집 마련 시기에 종합적으로 어떤것들을 판단하면 좋을지 알아보겠습니다🔍 아래 부동산꿀팁 링크를 통해 자세한 내용 함께 살펴보세요. 🔍 https://bit.ly/3XQeKo4 #래미안 #RAEMIAN #래미안타임즈 #부동산꿀팁 #부동산시장 #대출금리 #기준금리 #통화정책 #아파트가격 #내집마련 ※ 본 자료는 리얼투데이에서 제공합니다. ※ 운영 목적에 맞지 않는 댓글, 욕설, 비방, 광고 등은 개인 동의 없이 삭제될 수 있으며, 참여 활동이 제한 될 수 있으니 양해해 주세요.","['#래미안', '#RAEMIAN', '#래미안타임즈', '#부동산꿀팁', '#부동산시장', '#대출금리', '#기준금리', '#통화정책', '#아파트가격', '#내집마련']"
https://www.instagram.com/p/DHmElr9Todd/,william_home_inspector,"벤쿠버 윌리엄 홈 인스펙션 - 문의 전화 : 604-317-2225 - 하우스, 타운홈, 콘도, 식당, 레스토랑, 카페, 커머셜 키친 등 - BC주 어디에서나 검사 가능(휴일도 가능) - 저렴한 검사 비용 - 검사 후 당일 보고서 제공 - 꼼꼼한 검사와 자세하고 친절한 설명 - 입주 후 살면서 생기는 문제점 평생 컨설팅 및 대안 제시 #윌리엄홈인스펙션 , #윌리엄 , #홈인스펙션 , #한인홈인스펙터 , #한인홈인스펙션 , #벤쿠버 , #부동산 , #하우스 , #타운홈 , #콘도 , #리얼터 , #벤쿠버리얼터 , #한인리얼터 , #한인부동산 , #써리 , #랭리 , #코퀴틀람 , #버나비 ,","['#윌리엄홈인스펙션', '#윌리엄', '#홈인스펙션', '#한인홈인스펙터', '#한인홈인스펙션', '#벤쿠버', '#부동산', '#하우스', '#타운홈', '#콘도', '#리얼터', '#벤쿠버리얼터', '#한인리얼터', '#한인부동산', '#써리', '#랭리', '#코퀴틀람', '#버나비']"
https://www.instagram.com/p/DF5J6VIoSRr/,bryant_wagner66,"🔥 최저가 팔로워 | 좋아요 판매 🔥 ✅ 프로필 클릭후 ""옵챗 문의"" 부탁해요 ❤️ 👉 𝟭𝟬년 경력 ""전문 개발팀"" 보유 👉 단독 𝟭위 실행사 ""팡팡그램"" ___________________________ 🧡 인스타 상품목록 🧡 [✅ 인기] 🇱🇷 외국 팔로워 50명 : 𝟭,𝟬𝟬𝟬원 🇰🇷 한국 팔로워 50명 : 𝟮,𝟱𝟬𝟬원 🇱🇷 외국 좋아요 50개 : 𝟱𝟬𝟬원 🇰🇷 한국 좋아요 50개 : 𝟭,𝟮𝟬𝟬원 🇰🇷 한국 댓글 3개 : 𝟵𝟬𝟬원 🇰🇷 릴스 조회수 100회 : 𝟮𝟬𝟬원 🔥 계정활성화 (30일) : 𝟰만원 [🏆추천] ____________ [👊🚨 한국 팔로워 특가 🚨👊] [ 한국 일반 ᴠᴇʀ 팔로워 ] 🇰🇷 한국 팔로워 𝟯𝟬𝟬명 : 𝟵천원 ➔ 𝟭천명 : 𝟮.𝟳만원 ✪ ➔ 𝟯천명 : 𝟳.𝟱만원 ➔ 𝟱천명 : 𝟭𝟮만원 ➔ 𝟭만명 : 𝟮𝟮만원 [🚨] [ 한국 일반 ᴠᴇʀ 좋아요 ] 👍 한국 좋아요 𝟯𝟬𝟬개 : 𝟰천원 ╰➤ 𝟱𝟬𝟬개 : 𝟱천원 ✪ ╰➤ 𝟭천개 : 𝟴천원 ╰➤ 𝟱천개 : 𝟯만원 ╰➤ 𝟭만개 : 𝟰.𝟱만원 [🚨] [ 한국 릴스 ʀᴇᴇʟ 조회수 ] 🎬 릴스 조회수 𝟯천회 : 𝟮,𝟮𝟬𝟬원 ╰➤ 𝟭만회 : 𝟯,𝟬𝟬𝟬원 ✪ ╰➤ 𝟯만회 : 𝟴,𝟬𝟬𝟬원 ╰➤ 𝟭𝟬만회 : 𝟮.𝟮만원 ╰➤ 𝟯𝟬만회 : 𝟱.𝟱만원 [🚨] ____________ [👊🚨 외국 팔로워 특가 🚨👊] [ 외국 느린 ᴠᴇʀ ] 🐌 🇱🇷 (느린) 외국 팔로워 𝟯𝟬𝟬명 : 𝟮,𝟮𝟬𝟬원 ➔ 𝟭천명 : 𝟱,𝟱𝟬𝟬원 ✪ ➔ 𝟱천명 : 𝟮.𝟱만원 ➔ 𝟭만명 : 𝟰.𝟱만원 ➔ 𝟮만명 : 𝟴.𝟱만원 [🚨] [ 외국 빠른 ᴠᴇʀ ] ⚡ 🇱🇷 (빠른) 외국 팔로워 𝟯𝟬𝟬명 : 𝟮,𝟱𝟬𝟬원 ➔ 𝟭천명 : 𝟲,𝟬𝟬𝟬원 ✪ ➔ 𝟱천명 : 𝟮.𝟴만원 ➔ 𝟭만명 : 𝟱만원 ➔ 𝟮만명 : 𝟵만원 [🚨] ____ [👊💙 인스타 𝘽𝙄𝙂 좋아요 💙👊] [ 외국 𝗡𝗘𝗪 ᴠᴇʀ ] 🚀 👍 외국 좋아요 𝟱𝟬𝟬개 : 𝟮천원 ╰➤ 𝟭천개 : 𝟯천원 ✪ ╰➤ 𝟭만개 : 𝟭만원 ╰➤ 𝟯만개 : 𝟮만원 ╰➤ 𝟱만개 : 𝟯만원 [🚨] ___________________________ [🎉 리그램(𝗥𝗲-𝗚𝗿𝗮𝗺) 상품 🎉] 🔊 ""인기게시물 걱정 이제그만!"" 🔊 해시태그 점령 가능한 기술력 🔊 이미 최적화 이뤄진 판매자의 홍보용 계정을 활용하여 추천 탭 탑 𝟭𝟬𝟬 이내로 등재시키는 상품 ( 질문 주시면 상세안내 드려요 ) ➔ 𝟰건 : 𝟮.𝟱만원 ➔ 𝟴건 : 𝟰만원 ✪ ➔ 𝟭𝟮건 : 𝟱.𝟱만원 [🚨] ➔ 𝟭𝟱건 : 𝟲.𝟱만원 [🌟] ➔ 𝟮𝟬건 : 𝟴.𝟱만원 [💎ᴠɪᴘ] ➖➖➖➖➖➖➖➖➖➖➖ ➖➖➖➖➖➖➖➖➖➖➖ 💚 네이버 상품목록 💚 [ 스마트 스토어 ] ✔ 알림받기 𝟭𝟬𝟬명 : 𝟭.𝟴만원 ✔ 상품 찜 𝟭𝟬𝟬개 : 𝟭.𝟴만원 [ 블로그 : 𝐁𝐥𝐨𝐠 ] ✔ 블로그 방문자 𝟭𝟬𝟬회 : 𝟴𝟬𝟬원 ╰➤ 100회 𝗫 30일 : 𝟮만원 ✪ ╰➤ 300회 𝗫 30일 : 𝟰.𝟴만원 ╰➤ 500회 𝗫 30일 : 𝟳만원 ___________________________ 👑 틱톡 상품목록 👑 🇱🇷 외국 팔로워 50명 : 𝟭,𝟬𝟬𝟬원 🇱🇷 외국 좋아요 50개 : 𝟱𝟬𝟬원 🇱🇷 조회수 100회 : 𝟭𝟬𝟬원 ___________________________ ❤️ 유튜브 상품목록 ❤️ ✔️ 구독자 50명 : 𝟮,𝟱𝟬𝟬원 ✔️ 조회수 500회 : 𝟯,𝟬𝟬𝟬원 ✔️ 좋아요 50개 : 𝟱𝟬𝟬원 👊 ᴡᴇʟᴄᴏᴍᴇ ᴛᴏ ""팡팡그램"" 👊 𝟬𝟮_𝟬𝟮 . . . #청약 #줍줍 #투자 #노원맘 #로또 #동탄맘 #강남맘 #의정부맘 #잠실맘 #금리 #파주맘 #인천맘 #분양권 #공공분양 #분양 #부동산 #내집마련 #부린이 #실시간 #아파트 #반영구 #좋아요 #선팔좋아요 #맞팔대환영 #좋아요늘리기 #팔로우 #팔로워 #선팔시맞팔 #선팔은곧맞팔 #팔로우늘리기","['#청약', '#줍줍', '#투자', '#노원맘', '#로또', '#동탄맘', '#강남맘', '#의정부맘', '#잠실맘', '#금리', '#파주맘', '#인천맘', '#분양권', '#공공분양', '#분양', '#부동산', '#내집마련', '#부린이', '#실시간', '#아파트', '#반영구', '#좋아요', '#선팔좋아요', '#맞팔대환영', '#좋아요늘리기', '#팔로우', '#팔로워', '#선팔시맞팔', '#선팔은곧맞팔', '#팔로우늘리기']"
https://www.instagram.com/p/DIalOmyzFP4/,by_effi,나중에 부동산 중개사에 가서 집 계약서에 서명해야 해요. 휴가가 휴가 같지 않다.,[]
https://www.instagram.com/p/DGzo0yQvdtt/,seyoun_sam_,"우리 소액님들께 조금이라도 도움이 되고 싶은 마음으로, 1년 동안 정성을 다해 준비했어요~ 🥰💕 소액 경매로 월세 수익을 만들고, 결국 경제적 자유로 가는 길! 경매 16년 차 세연쌤의 실전 노하우를 꾹꾹 눌러 담았습니다.🥹 이 책이 우리 소액님들의 길잡이가 되길 진심으로 바랍니다. 소액 경매로 월세 수익을 만들고, 결국 경제적 자유를 이루는 그날까지! 소액님들이 혼자라 느끼지 않도록, 세연쌤이 언제나 함께할게요.🤗 지금 이 순간도, 한 걸음 한 걸음 성장하며 꿈을 현실로 만들어가는 소액님들! 늘 응원하고 사랑합니다.💕 매일 함께 한 걸음씩 성장해요^^ 화이팅💕💕💕 세연쌤 @seyoun_sam_ ——‐————————————————————— ❣️ 앞으로도 부자되는 꿀팁 계속 업로드 될거예요. ❣️ 팔로우해주시면 앞으로도 많은 정보 도움드릴 것을 약속드려요. ❣️ 저장, 공유, 댓글은 언제나 사랑입니다. #부동산 #성공 #자기계발 #건물주 #부자 #돈버는법 #소액경매 #워킹맘 #월세모닝콜 #세연쌤 #경매책 #부동산책 #재테크책","['#부동산', '#성공', '#자기계발', '#건물주', '#부자', '#돈버는법', '#소액경매', '#워킹맘', '#월세모닝콜', '#세연쌤', '#경매책', '#부동산책', '#재테크책']"
https://www.instagram.com/p/DDs3VQKzxxN/,booding.co,12월 13일 부딩: 주택임대차보호법 개정안: 무한전세권이 통과됐다면?➡️ 부딩 전문은 여기서 만나볼 수 있습니다! 👇👇 📗가장 쉽고 귀여운 부동산 뉴스레터 구독하기〰 booding.co 🐿 #부딩 #부동산뉴스레터 #부동산 #뉴스레터 #아파트 #신도시 #재건축 #내집마련 #전세계약 #전세 #무한전세권 #전세연장 #정책 #집값 #임대차 #아파트경매,"['#부딩', '#부동산뉴스레터', '#부동산', '#뉴스레터', '#아파트', '#신도시', '#재건축', '#내집마련', '#전세계약', '#전세', '#무한전세권', '#전세연장', '#정책', '#집값', '#임대차', '#아파트경매']"
https://www.instagram.com/p/DFtj3eJSkto/,tankauction,😍 안녕하세요~✨ 탱크옥션에서 일별 경매 결과를 알려드리겠습니다 👀 2025년 2월 5일(수)에는 890건의 경매가 진행 되었습니다. 그중에 228건이 매각되었고 평균 매각가율은 72.58% 평균 경쟁률은 3.36명입니다. 🔹최고매각물건 : 경기 파주시 / 공장 🔹최고매각가율 : 경기 여주시 / 대지 🔹최고경쟁물건 : 경기 수원시 / 아파트 🔹최저매각가율 : 서울 강서구 / 오피스텔(주거) 📢 편리한 경공매 정보검색을 원하시면 ➡ 프로필 링크 ➡ '탱크옥션' 을 클릭해 주세요 😍 #감사합니다 😍 #수요일 #경기 #서울 #공장 #아파트 #대지 #오피스텔 (주거) #탱크옥션 #경매 #공매 #정보제공서비스 #부동산 #재테크,"['#감사합니다', '#수요일', '#경기', '#서울', '#공장', '#아파트', '#대지', '#오피스텔', '#탱크옥션', '#경매', '#공매', '#정보제공서비스', '#부동산', '#재테크']"
https://www.instagram.com/p/DD35j4QhuaK/,songyeongmin,"#협찬 금리 인하가 점점 이루어지면 최근 부동산 시장이 다시 활기를 띠고 있는 요즘, 건물 투자에 대한 관심도 높아지고 있죠. 특히, 상업용 부동산의 매력이 부각되면서 많은 이들이 투자에 도전하고 싶어하는 때이기도 하는데요. 그런데 어디서부터 시작해야 할지 막막하신가요? 그럴 땐 이 책 🏢✨ ""건물 투자 비밀 노트""가 딱인듯 하네요! 📈💡 박준연 저자는 부동산 전문가로, 자신의 경험과 노하우를 바탕으로 건물 투자에서 성공하기 위한 꿀팁을 아낌없이 전해주더라고요. ""부동산 업계의 꽃""이라고 불리는 상업용 건물, 그 열매를 맛보는 방법을 알고 싶다면 이 책이 딱인듯! 🌟 이 책에서는 단순히 투자 전략을 나열하는 것이 아니라, 도전의 가치를 일깨워 줍니다. 저자는 ""도전은 자신의 가능성을 발견하는 과정""이라고 말하며, 투자에 대한 새로운 시각을 제시하더라고요. 요즘 시장 상황을 고려하면, 건물 투자는 부동산 투자를 하시는 분들에게 특히 매력적이에요. 가격 상승이 예상되는 지역이나 재개발 구역에 대한 정보를 통해, 관심있는 분들이라면 부동산 투자에 뛰어들 수 있는 기회를 잡을 수 있을듯 해요. 이 책에서는 다음과 같은 알찬 내용을 배울 수가 있어요. - 상업용 부동산의 매력과 투자 이유 - 성공적인 투자자로 거듭나기 위한 구체적인 목표 설정 - 시장의 변화를 읽는 법과 투자 타이밍을 잡는 팁 부동산 시장의 흐름을 잡고, 건물 투자에 대한 자신감을 얻고 싶다면 ""건물 투자 비밀 노트""를 꼭 읽어보시길 바래요! 여러분의 투자 여정에 큰 도움이 되시길 바라며... 🚀✨ . . . #건물투자비밀노트 #두드림미디어 #정인부동산 #빌딩의신 #부동산투자 #부동산투자대격변 #건물투자","['#협찬', '#건물투자비밀노트', '#두드림미디어', '#정인부동산', '#빌딩의신', '#부동산투자', '#부동산투자대격변', '#건물투자']"
https://www.instagram.com/p/DEzZUl2SgA4/,leejeonghoon1972,#잠실치마오 #본격가라아게동 #돈테키동 #장미아파트상가 #아들이랑데이트 #잠실맛집 #부동산 #밤톨부동산 #공인중개사 #이정훈,"['#잠실치마오', '#본격가라아게동', '#돈테키동', '#장미아파트상가', '#아들이랑데이트', '#잠실맛집', '#부동산', '#밤톨부동산', '#공인중개사', '#이정훈']"
https://www.instagram.com/p/DHhNllrz8TG/,j.kyo186,#호주 에서 #신혼집 보러다니기 지금까지 중에 일등!!👍🇦🇺 이집으로 결정!!!앞으로 이곳이~~~~~~~ #부동산 #house #home #beach #tree #aus #sydney #sydney🇦🇺 #sydney_insta #sydneyoperahouse,"['#호주', '#신혼집', '#부동산', '#house', '#home', '#beach', '#tree', '#aus', '#sydney', '#sydney', '#sydney_insta', '#sydneyoperahouse']"
https://www.instagram.com/p/C-u4JAavPft/,kcj0720,"서초동 법무사 사무장 김철중 - 부동산 경매신청, 믿고 맡기세요! 서초동에서 김철중법무사 13년 하다가 학업 등의 이유로 하경미법무사사무소 사무장으로 있습니다. 이번에 서울시립대학교에서 법학박사도 받았습니다. 안녕하세요, 서초동 법무사 사무장 김철중입니다. 부동산 경매신청, 이제 더 이상 고민하지 마세요. 강제경매와 임의경매 모두 저희와 함께라면 간편하게 진행할 수 있습니다. 부동산 경매신청, 이렇게 진행됩니다. 1. 강제경매신청 강제경매는 소송을 통해 채권의 유효성이 입증된 확정판결(이행판결) 등의 채무명의가 필요합니다. 법원의 판결을 바탕으로 경매를 신청하게 됩니다. 2. 임의경매신청 임의경매는 별도의 소송이나 판결 없이 등기부상 권리자인 채권자가 변제기 이후 잔존대여금 회수를 위해 신청할 수 있습니다. 경매신청서 작성 요령 경매신청은 서면으로 이루어지며, 신청서에는 다음 사항을 기재하고 기명날인해야 합니다. 채권자와 채무자 정보: 이름과 주소를 명확히 기재합니다. 집행법원: 경매를 집행할 법원을 명시합니다. 경매대상 부동산 정보: 부동산 등기부등본의 표제부 사항을 기재합니다. 청구 금액: 변제를 받고자 하는 채권과 그 전액을 기재합니다. 집행권원: 담보권이나 채권을 증명할 수 있는 서류를 첨부합니다. (예: 근저당권, 전세권설정계약서, 집행력 있는 판결정본 등) 필요한 첨부서류 강제경매: 집행력 있는 판결정본 건축물 관리대장, 등기부등본, 토지대장 등 미등기 부동산의 경우, 채무자 명의로 된 건축물 대장 등본이나 토지대장 등본 특별한 경우: 채권자나 채무자가 행위무능력자인 경우, 법정대리인 표시 및 호적등본 첨부 법인인 경우, 법인의 대표자임을 증명하는 법인등기부등본 첨부 등록세 및 교육세 납부 등록세 및 교육세 고지서는 부동산 소재지 관할 시청, 구청, 군청 세무과에서 발급합니다. 고지서 발급신청서에 경매신청서 사본을 첨부하여 제출하면 즉시 발급됩니다. 발급 받은 고지서는 우체국이나 금융기관에 납부하고 신청서에 영수필확인서와 영수필통지서를 첨부합니다. 경매신청, 지금 바로 문의하세요! 부동산 경매신청, 서초동 법무사 사무장 김철중이 함께합니다. 복잡한 절차와 서류 준비, 이제 걱정하지 마세요. 신속하고 정확하게 처리해 드리겠습니다. 문의 및 상담: [010-5027-2030] #서초동법무사김철중 사무소 대표 법무사로서 13년간 법무사일을 하다가 학업상 현재 사무장으로 도와 드리고 있습니다. 이런 기회를 놓치지 마세요 신뢰와 경험으로 보답하겠습니다. 감사합니다. #경매 #경매신청 #경매권리분석 #입찰대리 #판결문 #근저당권설정 #강제경매 #임의경매 #부동산경매 #부동산경매절차 #경매대상부동산 #채권자 #채무자 #집행법원 #집행권원 #근저당권 #서초동하경미법무사사무장김철중 ( #전서초동법무사김철중대표법무사 13년 경력) 최근에 받은 상입니다. #2024년3월사회공헌대상수상 #2024년1월서울특별시장표창 #2023년6월28일선한법조인대상수상 #2023년11월4일국회의원표창 #2023년11월4일올해의법률서비스봉사대상 #2023년12월29일대한민국법조봉사대상 #2022년12월22일대한민국법률서비스봉사대상 연락처: 010-5027-2030","['#서초동법무사김철중', '#경매', '#경매신청', '#경매권리분석', '#입찰대리', '#판결문', '#근저당권설정', '#강제경매', '#임의경매', '#부동산경매', '#부동산경매절차', '#경매대상부동산', '#채권자', '#채무자', '#집행법원', '#집행권원', '#근저당권', '#서초동하경미법무사사무장김철중', '#전서초동법무사김철중대표법무사', '#2024년3월사회공헌대상수상', '#2024년1월서울특별시장표창', '#2023년6월28일선한법조인대상수상', '#2023년11월4일국회의원표창', '#2023년11월4일올해의법률서비스봉사대상', '#2023년12월29일대한민국법조봉사대상', '#2022년12월22일대한민국법률서비스봉사대상']"
https://www.instagram.com/p/C-cDaKCInxC/,chaegssulmi,"정치인, 시장, 언론이 목숨걸고 숨기는 부동산 비밀",[]
https://www.instagram.com/p/DEpJkvuhat_/,rabbit.note,"이번 한 주도 다들 고생 많으셨습니다. 추위까지 겹쳐 많이 피곤하실 거 같네요. 따뜻한 금밤 보내시고요. 일욜밤 9시, 래빗노트 많이 기다려 주세요! 251호 목차 살짝 공개하겠습니다. 1️⃣ 미 국채 10년물 금리가 오랜만에 존재감을 드러냈습니다. 갑자기 튀어오른 금리 때문에 CES로 한껏 기대했던 기술주 시장이 크게 흔들렸죠. 원인과 이후 방향성에 대해 알려드릴게요. 2️⃣ 지금 환율이 좀 잡힌 것 같지만, 아직 원화 가치에 대한 의구심이 많이 남아 있습니다. 일본 엔화를 절상시켜 버렸던 플라자 합의가 다시 재현될 확률이 높아지고 있는데요. 미리 알고 준비해두면 나중에 얻어맞어도 덜 아프겠죠. 래빗노트에서 원달러 환율이 떨어질 수 있는 요인을 3가지로 분석해 봤습니다. 3️⃣ 젠슨 황이 8년만에 CES 기조연설에 나섰습니다. 저희도 라이브로 지켜보고 와~ 와~ 진짜? 진짜? 이랬는데요. 엔비디아 얘기를 래빗노트에서 점검하지 않을 수 없겠죠? 형돈이가 랩을 한다, 홍홍홍~ 젠슨황도 랩을 한다, 황화황~ 4️⃣ 지난해 소득은 소폭 상승했으나 가계 부채로 인해 가계 여윳돈을 줄었다고 합니다. 그래서 올해는 SNAKE 정신으로 살아남아야 한다고 합니다. 뱀정신이라...함께 알아보겠습니다. 6️⃣ 아이들 미래에 대한 걱정이 이만저만이 아닙니다. 특히 방학이라 특강에 관리형 독서실에, 윈터스쿨까.... 그냥 한 달 월급이 통째로 사교육으로 들어가고 있는 실정입니다. 그래서 스무살에 아이들 손에 뭐라도 쥐어줄 수 있을지 문득 걱정이 드시죠? 미리미리 애들 손에 쥐어줄 무엇을 챙겨드리겠습니다. 부모가 해줄 수 있는 건 시간의 활용뿐입니다. 자산이 복리로 불어날 수 있는 소중한 시간을 버리지 마세요. 7️⃣ 올해 첫 RISA 적립식 투자를 진행했습니다. Rabbit +ISA 계좌. 아직 안 만드신 분 없으시죠? RISA 포트폴리오를 참고하시어 각자 입맛에 맞게 조정하시어 투자하시면 좋습니다. 같이 하면 덜 외롭습니다. 함께 해요. 8️⃣ 시티라운지 북스토어 2장이 선공개 되었어요. 래빗노트 구독자시면 공홈 멤버십 게시판에서 읽으실 수 있고요. 지금까지 신청하신 분들은 모두 등업 해드렸습니다. 회원가입은 하셨으나 성함이나 연락처가 정확하지 않으면 등업이 안 됩니다. 내정보수정에서 바꿔주시고요. 성함이 안 바뀌실 경우 탈퇴하고 다시 가입하시거나 SNS 로그인으로 들어오셔도 됩니다. ✅️ 래빗스쿨 공식 홈페이지 가입만 하셔도 래빗노트 베스트 아티클을 읽으실 수 있습니다. 아직 구독 전이라면 베스트 아티클을 먼저 읽어보시고 구독을 결심하셔도 좋습니다. ✅️월자프2025 신청 받고 있습니다. 1월 27일까지 신청하시는 분들께는 '월자프 2025단어장'PDF화일을 드립니다. 래빗노트 구독자는 아이디에 할인 혜택을 넣어드렸으니 꼭 구매 확인하세요. (래빗노트 정기 구독자 5%, 연간 구독자 10%) 지금 래빗노트를 구독하셔도 할인 받을 수 있습니다.",[]
https://www.instagram.com/p/DHWRuAiSGR5/,william_home_inspector,"벤쿠버 윌리엄 홈 인스펙션 - 문의 전화 : 604-317-2225 - 하우스, 타운홈, 콘도, 식당, 레스토랑, 카페, 커머셜 키친 등 - BC주 어디에서나 검사 가능(휴일도 가능) - 저렴한 검사 비용 - 검사 후 당일 보고서 제공 - 꼼꼼한 검사와 자세하고 친절한 설명 - 입주 후 살면서 생기는 문제점 평생 컨설팅 및 대안 제시 #윌리엄홈인스펙션 , #윌리엄 , #홈인스펙션 , #한인홈인스펙터 , #한인홈인스펙션 , #벤쿠버 , #부동산 , #하우스 , #타운홈 , #콘도 , #리얼터 , #벤쿠버리얼터 , #한인리얼터 , #한인부동산 , #써리 , #랭리 , #코퀴틀람 , #버나비 ,","['#윌리엄홈인스펙션', '#윌리엄', '#홈인스펙션', '#한인홈인스펙터', '#한인홈인스펙션', '#벤쿠버', '#부동산', '#하우스', '#타운홈', '#콘도', '#리얼터', '#벤쿠버리얼터', '#한인리얼터', '#한인부동산', '#써리', '#랭리', '#코퀴틀람', '#버나비']"
https://www.instagram.com/p/DHtDQcyJH_r/,sunshine_6469,"2월 3일부터  아파트 헬스장 이용으로 걷기 40분으로  시작하다, 지인 추천으로  그냥 시작한 러닝~😂 옷도 집에 입던 트레이복 이용~ 신발도 그냥 운동화으로 시작하다, 러닝화로 선물받고 하니, 아프던 무릎도 안아프고 . 이제는 러닝 자세도 검색하게 되네.🤣 근데 살은 1도 안빠지고, 오히려 잘 먹어서 살이 더 찌는 느낌이다.🤣 그러나, 두달 다 되어가는데, 슬슬 질리고, 게을러 지려고한다 그래서 인터벌로 하던 러닝을 어제부터  10분이상 연속해서 계속 뛰는데, 뛰는 희열이 장난아니였다😆 이래서 러닝하나싶었다~😊 휴일도 없이 열심히 일하다가, 가족과 나에게 집중하는 이시간들이 너무 좋다~♡😍 대출금만 아니면 계속 이렇게 살고싶구만~ㅎ #러닝 #운동 #일상 #감사 #김해 #장유 #공인중개사 #부동산 #재테크 #분양 #주식","['#러닝', '#운동', '#일상', '#감사', '#김해', '#장유', '#공인중개사', '#부동산', '#재테크', '#분양', '#주식']"
https://www.instagram.com/p/DDMLUvSP8Yn/,dailybeer_official,"[생활맥주 필리핀 마스터프랜차이즈 체결] 이제 곧, 필리핀에서도 생활맥주를 만나보실 수 있습니다🍺 생활맥주와 마스터프랜차이즈 계약을 체결한 Opulence Prime Ventures Inc.는 필리핀에서 부동산, 호텔, 플랫폼, 유통 등에 걸쳐 폭넓은 사업을 영위하고 있는데요. 싱가포르 생활맥주 매장을 방문하곤 뜨거운 고객반응과 끝없은 웨이팅에 놀라 마스터프랜차이즈를 체결하게 되었습니다. 우리의 꿈은 국내 어디서나 맥주를 마실때 찾는 브랜드가 아닙니다! 세계 어디에서나 맥주를 마실때 찾는 브랜드 그리고 고객과 양조장을 연결하는 세계적인 맥주 플랫폼이 되는것 입니다🏆 생활맥주의 꿈은 이제 시작! 앞으로 세계무대에서 만나게 될 생활맥주, 많은 기대 부탁드립니다!",[]
https://www.instagram.com/p/C9gVducMNtv/,together_sh,"⠀ 상담부터 주거비 지원, 주택관리 등 주거안심종합센터에서 주거 고민을 덜어내세요! 주거안심종합센터에서 선보이는 원스톱 주거복지 서비스가 언제나 여러분을 기다리고 있습니다!",[]
https://www.instagram.com/p/DIHAbqOx3-1/,9t.luck,"2025년 4월 1째주 경제 뉴스 #경제뉴스 , #경제신문 , #경제공부 , #경제상식 , #경제 , #뉴스 , #정보 , #economic , #economics , #소비자물가 , #부동산 , #구리 , #트럼프 , #관세 , #아메리카노 , #GTX , #비트코인 , 현대차, #애경","['#경제뉴스', '#경제신문', '#경제공부', '#경제상식', '#경제', '#뉴스', '#정보', '#economic', '#economics', '#소비자물가', '#부동산', '#구리', '#트럼프', '#관세', '#아메리카노', '#GTX', '#비트코인', '#애경']"
https://www.instagram.com/p/DHaRPbnP3qJ/,75p5d8d,#수익 #재테크 #주식스타그램 #먹스타그램 #공스타그램 #트스타그램 #일상스타그램 #여스타그램 #셀스타그램 #럽스타그램 #친스타그램 #주식 #인친 #애스타그램 #목요일 #돈스타그램 #돈 #직장인 #주식투자 #여행스타그램 #용인 #스타그램 #재테크그램 #분당 #알트코인 #stock #비트코인 #부동산 #공인중개사 #주식하는남자,"['#수익', '#재테크', '#주식스타그램', '#먹스타그램', '#공스타그램', '#트스타그램', '#일상스타그램', '#여스타그램', '#셀스타그램', '#럽스타그램', '#친스타그램', '#주식', '#인친', '#애스타그램', '#목요일', '#돈스타그램', '#돈', '#직장인', '#주식투자', '#여행스타그램', '#용인', '#스타그램', '#재테크그램', '#분당', '#알트코인', '#stock', '#비트코인', '#부동산', '#공인중개사', '#주식하는남자']"
https://www.instagram.com/p/DGGgU2chYBS/,retrofati_official,"야로나 때 유동성 공급한답시고 행정부에서 돈 푼게 내수경기 살리기는 커녕 다 부동산, 주식으로 또 사치품 시장으로 고스란히 흘러들어갔죠 ? 롤*스 익스플로러 900 따리가 1300 되고 다른 브랜드들도 매년 인상하더니 이젠 그 거품 빠지고 나니까 눈물의 똥*쇼로 은근슬쩍 꼬리내리고 몰래 리테일가 수정하느라 바쁘죠. 오픈 런으로 도그나 카우나 사 제끼는 꼬라지가 못 마땅한 샤*은 에르메스처럼 아예 하이엔드가 되려고 당장 욕 먹더라도 이 악물고 가격 인상 중이구요. 이하 럭셔리 브랜드들은 소위 상류층이 되고자하는 중산층들에게 계층 이동의 환상을 심어주며 매스티지 브랜드처럼 대량으로 팔아서 마진 남겨 먹어야하는데 그것도 양심껏 올리셔야 팔리죠. #허상",['#허상']
https://www.instagram.com/p/C-RJHWTy_Kh/,tankauction,😍 안녕하세요~✨ 탱크옥션에서 일별 경매 결과를 알려드리겠습니다 👀 2024년 8월 2일(금)에는 85건의 경매가 진행 되었습니다. 그중에 34건이 매각되었고 평균 매각가율은 66.12% 평균 경쟁률은 5.21명입니다. 🔹최고매각물건 : 인천 연수구 / 아파트 🔹최고매각가율 : 인천 남동구 / 아파트 🔹최고경쟁물건 : 인천 남동구 / 아파트 🔹최저매각가율 : 인천 동구 / 다세대주택 📢 편리한 경공매 정보검색을 원하시면 ➡ 프로필 링크 ➡ '탱크옥션' 을 클릭해 주세요 😍 #감사합니다 😍 #금요일 #인천 #아파트 #다세대주택 #탱크옥션 #경매 #공매 #정보제공서비스 #부동산 #재테크,"['#감사합니다', '#금요일', '#인천', '#아파트', '#다세대주택', '#탱크옥션', '#경매', '#공매', '#정보제공서비스', '#부동산', '#재테크']"
https://www.instagram.com/p/DH_jz8KxOzQ/,9t.luck,"2025년 4월 3일 경제 뉴스 #경제뉴스 , #경제신문 , #경제공부 , #경제상식 , #경제 , #뉴스 , #정보 , #economic , #economics , #엔화 , #관세 , #미국 , #부동산 , #국민연금 , #로봇 , #K푸드 , #한화에어로 , #루시드 , #아파트","['#경제뉴스', '#경제신문', '#경제공부', '#경제상식', '#경제', '#뉴스', '#정보', '#economic', '#economics', '#엔화', '#관세', '#미국', '#부동산', '#국민연금', '#로봇', '#K푸드', '#한화에어로', '#루시드', '#아파트']"
https://www.instagram.com/p/DF4BUzthAjP/,insight_biz,기대했던 GTX 개통했는데... 시세 4천만원 더 떨어져 집주인들 ’경악‘ #파주집값 #킨텍스역 #부동산 #부동산시장 #GTX,"['#파주집값', '#킨텍스역', '#부동산', '#부동산시장', '#GTX']"
https://www.instagram.com/p/DD6Uj_xSi3J/,dalkom_books,"주간 독서 기록📝 - ▪️ #위대한12주 1년을 12개월이 아니라 12주라고 생각하라! 12주 동안 성과를 낼 수 있도록 시간을 관리하라! 새해 목표를 세우는 데 도움을 받은 책👍 ▪️ #부동산투자의정석 #부동산소액투자의정석 왕초보 재테크 스터디 '백억자산 프로젝트'에서 함께 읽은 책 2권! 부동산 공부의 초심을 다지며 빨리 가는 법이 아닌 '정석'으로 가는 길을 배웠다💰 ▪️ #배움을돈으로바꾸는기술 온라인 수익화 도전 초반에 읽고, 약 3년 만에 재독했다. 다시 읽으니 새롭게 보이는 것들이 참 많다!! 성과를 내는 자기계발러가 되기 위해 꼭 읽어야 할 책🔥 ▪️ #스파이코스트 어제나 믿고 읽는 미래지향의 소설! 내가 좋아하는 미스터리 스릴러 장르의 이야기다. 뒷이야기가 궁금해서 도저히 중간에 멈출 수가 없었다🫣 - #다독 #1일1독 #독서습관 #독서 #책그램 #북그램 #책추천 #독서기록 #책스타그램 #북스타그램 #책리뷰 #달콤_북스 @dalkom_books","['#위대한12주', '#부동산투자의정석', '#부동산소액투자의정석', '#배움을돈으로바꾸는기술', '#스파이코스트', '#다독', '#1일1독', '#독서습관', '#독서', '#책그램', '#북그램', '#책추천', '#독서기록', '#책스타그램', '#북스타그램', '#책리뷰', '#달콤_북스']"
https://www.instagram.com/p/C_vUzC5SYTi/,ihyangsug768,좋은 일이 몰려오는 우리 SGM! SGM GLOBAL : SENIOR DIRECTOR가 되신 박성심 점장님께서 골든벨을 울리셨습니다 기쁜 일을 나누는 따뜻한 마음 그리고 함께 성장하는 동기를 전하는 SGM 문화💌 이 깊은 마음을 담아 선한 부자를 꿈꾸고 한층 더 성장하며 함께 꿈을 이루어갑니다🪽 오늘도 힘찬 하루 보내셨나요? 분명 성공하는 하루가 되셨을거예요🩵 #성공매니아쇼룸 #sgm본사 #성장 #성공 #선한영향력 #인생역전 #부의추월차선 #성공습관 #성공마인드 #육아맘부업 #주부창업 #경단녀 #젊줌마 #부동산 #프리랜서 #뷰티샵 #부업성공 #인셀덤문의 #인셀덤사업문의 :010-8072-6088 #글로벌sgm #리만sgm #성공매니아 #성공매니아를보유한조직의성장과성공은혁신적이다,"['#성공매니아쇼룸', '#sgm본사', '#성장', '#성공', '#선한영향력', '#인생역전', '#부의추월차선', '#성공습관', '#성공마인드', '#육아맘부업', '#주부창업', '#경단녀', '#젊줌마', '#부동산', '#프리랜서', '#뷰티샵', '#부업성공', '#인셀덤문의', '#인셀덤사업문의', '#글로벌sgm', '#리만sgm', '#성공매니아', '#성공매니아를보유한조직의성장과성공은혁신적이다']"
https://www.instagram.com/p/DFDD7FCPxti/,booding.co,부딩의 더 쉽게 풀이한 부동산 용어 사전 📗가장 쉽고 귀여운 부동산 뉴스레터 구독하기〰 booding.co 🐿 #부딩 #부동산뉴스레터 #부동산 #뉴스레터 #쉬운 #부동산 #용어사전 #부딩용어사전 #상가주택 #타운하우스,"['#부딩', '#부동산뉴스레터', '#부동산', '#뉴스레터', '#쉬운', '#부동산', '#용어사전', '#부딩용어사전', '#상가주택', '#타운하우스']"
https://www.instagram.com/p/DIWVFHbSfot/,ruyeon00,"페라리 sf90,푸로산게 / 롤스로이스 팬텀 신차출고 우루스는 중고로 옴 급급 여률령 사바하. 다 이루어진다. 루연굿 - 조상을 대우하여 원력을 올려드리고 집안내 문제되는 조상을 풀어 자손과 합의시켜 원하는 소원를 이루어드립니다. - 개인 기업 금융투자 부동산 특수의뢰 - 저승천도 진오기 조상풀이 - 소원성취 재수굿 조상굿 신내림굿 가리굿 - 영적문제 신병 빙의 등 * 굿 / 특수의뢰 / 치성 / 비방 / 액풀이 * 기타 맞춤처방 / 초발원 / 부적 / 개명 신점 굿 특수의뢰 전문 예약제 운영 / 해외출장가능 010 - 2375 - 0152 기존 신도 외 전화 안받습니다. 문자 or 톡 부탁드립니다. 루연예하 제석신당 만인지상 무당루연 #무당루연 #제석신당 #루연예하 #무당 #무속인 #신점 #점집 #사주 #신당 #인천무당 #인천점집 #인천신점","['#무당루연', '#제석신당', '#루연예하', '#무당', '#무속인', '#신점', '#점집', '#사주', '#신당', '#인천무당', '#인천점집', '#인천신점']"
https://www.instagram.com/p/C9MgF9Avbrw/,lbajeonjurealestate,"- 🔎 새 아파트 입주 전 사전점검 리스트 1. 현관 2. 욕실 3. 거실 4. 침실 5. 주방 분양 카탈로그를 챙겨 계약 내용과 실제 설치 여부가 동일한지 확인하세요. 각 콘센트의 전기는 잘 되는지 확인하기 위해 충전기를 챙겨오시는 것도 좋습니다😘 하자 부위 체크도 잊지 마시길 바래요 —LBA 전주 부동산 🌟 전주 부동산의 신뢰된 이름, LBA전주부동산 🗝 전주 부동산의 열쇠, LBA에서 찾다 · 분양 · 매매 · 부동산 · ⠀ ♦주소 전라북도 전주시 완산구 홍산남로 47 302호 ♦문의 ᴘ.ʜ 010-2898-4989 . . #LBA전주부동산 #전주부동산 #분양 #매매 #부동산 #수익형부동산 #부동산투자 #투자기회 #주인직영건물 #부동산 #투자부동산 #수익형부동산 #부동산개발 #부동산투자자 #새아파트 #아파트사전점검","['#LBA전주부동산', '#전주부동산', '#분양', '#매매', '#부동산', '#수익형부동산', '#부동산투자', '#투자기회', '#주인직영건물', '#부동산', '#투자부동산', '#수익형부동산', '#부동산개발', '#부동산투자자', '#새아파트', '#아파트사전점검']"
https://www.instagram.com/p/C-2Q9iRvBjf/,flow.itself,"🏗️ 용산 서빙고 신동아아파트 신통기획 확정 ✅ 남산과 한강, 용산공원을 품은 한강변 대표 단지 <서빙고 신동아 아파트>의 최고층 50층 1,840세대 규모의 신통기획이 확정되었습니다. 📍한강과 용산공원, 남산 조망이 가능한 한강변 최고의 입지를 가진 신동아 아파트는 도시의 매력과 자연이 조화되는 한강변 대표 경관특화 단지로 재탄생 📍‘남산과 한강을 품은 경관특화단지’(119,427㎡, 50층 내외, 약 1,840세대 규모)로 거듭날 예정 📍서빙고 신동아 아파트 신속통합기획의 3가지 전략은 ①한강, 용산공원, 남산 자연조망을 함께 누리는 경관(조망)특화 단지 조성 ②생활편의를 제공하는 도시기반시설의 획기적 개선 ③한강과 지역, 강북과 강남을 연결하는 녹지·보행체계 구축 📍조남준 도시공간본부장은 “용산국제업무지구, 강변북로 재구조화 등 용산 일대의 대대적 도시공간 변화가 예상되는 만큼, 신동아아파트가 신(新)용산 시대의 미래 주거문화를 선도하는 서울의 대표 단지가 되길 기대한다” 언급 #용산 #서빙고 #서빙고신동아 #신통기획 #신속통합기획 #재건축 #재개발 #부동산 #부동산정보 #부동산투자 #부동산투자","['#용산', '#서빙고', '#서빙고신동아', '#신통기획', '#신속통합기획', '#재건축', '#재개발', '#부동산', '#부동산정보', '#부동산투자', '#부동산투자']"
https://www.instagram.com/p/DDtkE8pT3Bj/,sisajournal_e,"서울 아파트 증여거래 비중이 늘고 있다. 아파트 거래가 지난 9월 대출 규제 강화 이후로 주춤하면서 매도가 쉽지 않고, 일부 지역에서는 하락 조정된 거래사례가 나오자 세금을 줄일 수 있다는 판단에서다. 18일 한국부동산원 부동산 통계정보에 따르면 지난 10월 한 달간 증여로 인한 서울 아파트 거래는 1000건으로 집계됐다. #집값 #아파트 #부동산","['#집값', '#아파트', '#부동산']"
https://www.instagram.com/p/DED_5nIS_P3/,byung_su0510,알아두면 유익한 부동산 상식 정보 살펴보세요,[]
https://www.instagram.com/p/C9ZTwwNP9In/,flow.itself,"📊 초대형 대단지 전격비교 ✅ 대한민국 초대형 대표단지 올림픽파크포레온, 파크리오, 헬리오시티 3곳을 비교하였습니다. 📍강동구 올림픽파크포레온 12,032세대 📍송파구 파크리오 6,864세대 📍송파구 헬리오시티 9,510세대 #부동산 #올림픽파크포레온 #둔촌주공아파트 #파크리오 #헬리오시티 #대단지 #송파 #잠실 #가락 #강동 #둔촌","['#부동산', '#올림픽파크포레온', '#둔촌주공아파트', '#파크리오', '#헬리오시티', '#대단지', '#송파', '#잠실', '#가락', '#강동', '#둔촌']"
https://www.instagram.com/p/DBnQSi2PHF1/,insight.co.kr_life,내년부터 고등학교에서 ’투자·대출·부동산 집 계약‘ 배운다 #고등학교 #부동산 #집계약 #투자 #금융위 #선택과목,"['#고등학교', '#부동산', '#집계약', '#투자', '#금융위', '#선택과목']"
